{
    "ppo": {
        "lr": 0.0002410830164672544,
        "gamma": 0.9498984608265567,
        "architecture": [
            128
        ]
    }
}