{
    "ppo": {
        "lr": 0.0002758813246917793,
        "gamma": 0.8997234260057416,
        "architecture": "256,512"
    },
    "dqn": {
        "lr": 0.0005390902966851641,
        "gamma": 0.9049256152850913,
        "architecture": "512,256,256",
        "target_network_update_freq": 200
    },
    "ppo_lstm": {
        "lr": 7.434458739771462e-05,
        "gamma": 0.8615512851057706,
        "architecture": "256,128,256",
        "lstm_cell_size": 32,
        "max_seq_len": 20
    },
    "qjc": {
        "tau_0": 0.19545294942318395,
        "gamma": 0.9743938626362372,
        "temp_xi": 1.84198199266924,
        "mu_offset": 1.155061003590864
    }
}