{
    "ppo": {
        "lr": 0.0002758813246917793,
        "gamma": 0.8997234260057416,
        "architecture": "256,512"
    },
    "dqn": {
        "lr": 0.0001422367954150558,
        "gamma": 0.8553845304957641,
        "architecture": "128,512,128",
        "target_network_update_freq": 1000
    }
}