{
    "ppo": {
        "lr": 0.0002758813246917793,
        "gamma": 0.8997234260057416,
        "architecture": "256,512"
    },
    "dqn": {
        "lr": 6.34122953699618e-05,
        "gamma": 0.9394357828888396,
        "architecture": "256,128,512",
        "target_network_update_freq": 2000
    }
}